<?xml version="1.0"?>
<webRowSet xmlns="http://java.sun.com/xml/ns/jdbc" xmlns:xsi="http://www.w3.org/2001/XMLSchema-instance"
xsi:schemaLocation="http://java.sun.com/xml/ns/jdbc http://java.sun.com/xml/ns/jdbc/webrowset.xsd">
  <properties>
    <command>select sid,sname,sage,saddress from student</command>
    <concurrency>1008</concurrency>
    <datasource><null/></datasource>
    <escape-processing>true</escape-processing>
    <fetch-direction>1000</fetch-direction>
    <fetch-size>0</fetch-size>
    <isolation-level>2</isolation-level>
    <key-columns>
    </key-columns>
    <map>
    </map>
    <max-field-size>0</max-field-size>
    <max-rows>3</max-rows>
    <query-timeout>0</query-timeout>
    <read-only>true</read-only>
    <rowset-type>ResultSet.TYPE_SCROLL_INSENSITIVE</rowset-type>
    <show-deleted>false</show-deleted>
    <table-name>student</table-name>
    <url>jdbc:oracle:thin:@localhost:1521:XE</url>
    <sync-provider>
      <sync-provider-name>com.sun.rowset.providers.RIOptimisticProvider</sync-provider-name>
      <sync-provider-vendor>Oracle Corporation</sync-provider-vendor>
      <sync-provider-version>1.0</sync-provider-version>
      <sync-provider-grade>2</sync-provider-grade>
      <data-source-lock>1</data-source-lock>
    </sync-provider>
  </properties>
  <metadata>
    <column-count>4</column-count>
    <column-definition>
      <column-index>1</column-index>
      <auto-increment>false</auto-increment>
      <case-sensitive>false</case-sensitive>
      <currency>true</currency>
      <nullable>0</nullable>
      <signed>true</signed>
      <searchable>true</searchable>
      <column-display-size>22</column-display-size>
      <column-label>SID</column-label>
      <column-name>SID</column-name>
      <schema-name></schema-name>
      <column-precision>0</column-precision>
      <column-scale>0</column-scale>
      <table-name></table-name>
      <catalog-name></catalog-name>
      <column-type>2</column-type>
      <column-type-name>NUMBER</column-type-name>
    </column-definition>
    <column-definition>
      <column-index>2</column-index>
      <auto-increment>false</auto-increment>
      <case-sensitive>true</case-sensitive>
      <currency>false</currency>
      <nullable>1</nullable>
      <signed>true</signed>
      <searchable>true</searchable>
      <column-display-size>10</column-display-size>
      <column-label>SNAME</column-label>
      <column-name>SNAME</column-name>
      <schema-name></schema-name>
      <column-precision>10</column-precision>
      <column-scale>0</column-scale>
      <table-name></table-name>
      <catalog-name></catalog-name>
      <column-type>12</column-type>
      <column-type-name>VARCHAR2</column-type-name>
    </column-definition>
    <column-definition>
      <column-index>3</column-index>
      <auto-increment>false</auto-increment>
      <case-sensitive>false</case-sensitive>
      <currency>true</currency>
      <nullable>1</nullable>
      <signed>true</signed>
      <searchable>true</searchable>
      <column-display-size>22</column-display-size>
      <column-label>SAGE</column-label>
      <column-name>SAGE</column-name>
      <schema-name></schema-name>
      <column-precision>0</column-precision>
      <column-scale>0</column-scale>
      <table-name></table-name>
      <catalog-name></catalog-name>
      <column-type>2</column-type>
      <column-type-name>NUMBER</column-type-name>
    </column-definition>
    <column-definition>
      <column-index>4</column-index>
      <auto-increment>false</auto-increment>
      <case-sensitive>true</case-sensitive>
      <currency>false</currency>
      <nullable>1</nullable>
      <signed>true</signed>
      <searchable>true</searchable>
      <column-display-size>20</column-display-size>
      <column-label>SADDRESS</column-label>
      <column-name>SADDRESS</column-name>
      <schema-name></schema-name>
      <column-precision>20</column-precision>
      <column-scale>0</column-scale>
      <table-name></table-name>
      <catalog-name></catalog-name>
      <column-type>12</column-type>
      <column-type-name>VARCHAR2</column-type-name>
    </column-definition>
  </metadata>
  <data>
    <currentRow>
      <columnValue>10</columnValue>
      <columnValue>sachin</columnValue>
      <columnValue>49</columnValue>
      <columnValue>IND</columnValue>
    </currentRow>
    <currentRow>
      <columnValue>9</columnValue>
      <columnValue>lara</columnValue>
      <columnValue>53</columnValue>
      <columnValue>WI</columnValue>
    </currentRow>
    <currentRow>
      <columnValue>18</columnValue>
      <columnValue>kohli</columnValue>
      <columnValue>35</columnValue>
      <columnValue>IND</columnValue>
    </currentRow>
  </data>
</webRowSet>
